{
  "width": 936,
  "height": 170,
  "cx": [
    [ "PROJECT", 49 ],
    [ "DF", 137 ],
    [ "SKILS", 224 ],
    [ "DOCUMENT", 336 ],
    [ "MAIL", 448 ],
    [ "CAROUSEL", 558 ],
    [ "PROFIL", 668 ],
    [ "MENTION", 778 ],
    [ "INFO", 888 ]
  ],
  "cy": [
    [ "PROJECT", 85 ],
    [ "DF", 85 ],
    [ "SKILS", 85 ],
    [ "DOCUMENT", 85 ],
    [ "MAIL", 85 ],
    [ "CAROUSEL", 85 ],
    [ "PROFIL", 85 ],
    [ "MENTION", 85 ],
    [ "INFO", 85 ]
  ],
  "shift": [
    [ "DF,PROJECT,0", 0 ],
    [ "DF,SKILS,0", 0 ]
  ],
  "ratio": []
}